{"cameraMode":{"drawMode":0,"name":"Shaded","section":"Shading Mode"},"sceneLighting":true,"audioPlay":false,"sceneViewState":{"showFog":true,"showMaterialUpdate":false,"showSkybox":true,"showFlares":true,"showImageEffects":true,"showParticleSystems":true},"in2DMode":false,"pivot":{"x":-2.1907074451446535,"y":0.6419163942337036,"z":-1.3239117860794068},"rotation":{"x":-0.07670249044895172,"y":0.02900819666683674,"z":-0.002230866812169552,"w":-0.9966341853141785},"size":14.148774147033692,"orthographic":true}